,Utility,Utility_sampled,Best_Utility
0,-2.939712487967951,-1.2507196477588702,-0.48099607696285357
