,Utility,Utility_sampled,Best_Utility
0,-1.7965404469620776,-0.7826739285807173,-0.4367038157207198
