,Utility,Utility_sampled,Best_Utility
0,-4.866680516114782,-1.3422807319931431,-0.11902981074363088
