,Utility,Utility_sampled,Best_Utility
0,-4.094809203220411,-1.139282340536935,-0.34327473058042085
