,Utility,Utility_sampled,Best_Utility
0,-2.27790502124866,-1.2504262244633249,-0.23976210634511808
