,Utility,Utility_sampled,Best_Utility
0,-0.7125286558204841,-0.7125286558204841,-0.3013631302577848
