,Utility,Utility_sampled,Best_Utility
0,-4.836304340308475,-1.0586332937134928,-0.13195293782595865
