,Utility,Utility_sampled,Best_Utility
0,-3.0605505810860834,-1.0025481283820752,-0.48098598692731676
