,Utility,Utility_sampled,Best_Utility
0,-2.4452366397264296,-1.3422807319931431,-0.1190521437966042
