,Utility,Utility_sampled,Best_Utility
0,-3.085091367785843,-1.2770812419748816,-0.4829790029915626
