,Utility,Utility_sampled,Best_Utility
0,-3.4449095303344555,-0.9563946587357051,-0.3432731670105582
