,Utility,Utility_sampled,Best_Utility
0,-4.453565488462417,-1.8767138089107438,-0.2397877404226609
