,Utility,Utility_sampled,Best_Utility
0,-0.713741947144963,-0.713741947144963,-0.30138518029793054
