,Utility,Utility_sampled,Best_Utility
0,-4.836304340308475,-0.3779099455258407,-0.13194918290763305
