,Utility,Utility_sampled,Best_Utility
0,-1.7564820352686554,-1.2060644890366383,-0.47595632695371465
