,Utility_sampled,Utility,Best_Utility
0,-1.3953014047355137,-2.4114326875684773,-0.5001440967088805
1,-1.3953014047355137,-3.118866480497579,-0.5001440967088805
