,Utility,Utility_sampled,Best_Utility
0,-1.9743228366344412,-1.5102506954823003,-0.4809859917580986
