,Utility,Utility_sampled,Best_Utility
0,-3.5124425557589083,-1.1505749101074174,-0.4367037288274303
