,Utility,Utility_sampled,Best_Utility
0,-4.780717990031538,-1.3422807319931431,-0.11899865075713127
