,Utility,Utility_sampled,Best_Utility
0,-3.0167523237389253,-0.6753049862610334,-0.4829789659611074
