,Utility,Utility_sampled,Best_Utility
0,-4.0570945988517675,-0.6801678158262059,-0.34327416694116447
