,Utility,Utility_sampled,Best_Utility
0,-4.453565488462417,-1.846388411491036,-0.2397621397014786
