,Utility,Utility_sampled,Best_Utility
0,-0.8725375643165577,-0.8725375643165577,-0.3014011617803286
