,Utility,Utility_sampled,Best_Utility
0,-4.7072825144715615,-0.3779099455258407,-0.13196132808314628
