,Utility,Utility_sampled,Best_Utility
0,-4.926283950290155,-2.3928588178660526,-0.046888406768902935
