,Utility,Utility_sampled,Best_Utility
0,-2.789680560434602,-1.2507196477588702,-0.4809859839194295
