,Utility,Utility_sampled,Best_Utility
0,-3.2465401695472114,-1.729293218930213,-0.43673449768425393
