,Utility,Utility_sampled,Best_Utility
0,-4.780717987899225,-1.0584928423303388,-0.11906726158631713
