,Utility,Utility_sampled,Best_Utility
0,-3.085091367785843,-1.9263001761384047,-0.4829789444342197
