,Utility,Utility_sampled,Best_Utility
0,-4.130673291280672,-2.2528926864528365,-0.3432732604126786
