,Utility,Utility_sampled,Best_Utility
0,-4.101495021372659,-0.9436945429602135,-0.3013673740528111
