,Utility,Utility_sampled,Best_Utility
0,-2.4299742986275206,-1.0586332937134928,-0.13194888171896807
