,Utility,Utility_sampled,Best_Utility
0,-3.1297958526307728,-1.2060644890366383,-0.47594359052509916
