,Utility,Utility_sampled,Best_Utility
0,-5.014863913414219,-1.6137085871946046,-0.04682054243043518
