,Utility,Utility_sampled,Best_Utility
0,-1.812845286011916,-1.812845286011916,-0.48098596913679864
