,Utility,Utility_sampled,Best_Utility
0,-1.290802222914039,-1.290802222914039,-0.4367069176974071
