,Utility,Utility_sampled,Best_Utility
0,-0.49409484247259183,-0.49409484247259183,-0.11902486687309967
