,Utility,Utility_sampled,Best_Utility
0,-1.898095479995749,-0.6753049862610334,-0.4829799619841382
