,Utility,Utility_sampled,Best_Utility
0,-2.0754338907462078,-0.9041755778594965,-0.34327312445086655
