,Utility,Utility_sampled,Best_Utility
0,-4.453566860303062,-0.9860584130498717,-0.23976393730357715
