,Utility,Utility_sampled,Best_Utility
0,-4.235062330189464,-0.5521513063856549,-0.3013688830436562
