,Utility,Utility_sampled,Best_Utility
0,-4.750880113283759,-0.3779099455258407,-0.13195205153242487
