,Utility,Utility_sampled,Best_Utility
0,-0.88019124478348,-0.88019124478348,-0.4759435314221947
