,Utility,Utility_sampled,Best_Utility
0,-5.014863913414219,-1.0977187390659562,-0.04681922071231288
