,Utility,Utility_sampled,Best_Utility
0,-1.7965404469620776,-1.4801285539254987,-0.4367037081693241
1,-3.5727495784682546,-1.4801285539254987,-0.4367037081693241
2,-1.1145440068559485,-1.1145440068559485,-0.4367037081693241
