,Utility,Utility_sampled,Best_Utility
0,-1.7965404469620776,-1.4801285539254987,-0.436735343464753
1,-1.067958305371007,-1.067958305371007,-0.436735343464753
