,Utility,Utility_sampled,Best_Utility
0,-3.310845798541306,-3.0,-0.842784142637558
1,-4.366911925178062,-3.0,-0.842784142637558
