,Utility,Utility_sampled,Best_Utility
0,-3.5756001065895475,-1.1505749101074174,-0.4367037054349297
