,Utility,Utility_sampled,Best_Utility
0,-4.780717987899225,-1.982021441995543,-0.11947838833695007
