,Utility,Utility_sampled,Best_Utility
0,-2.0023752656713167,-0.9927364966293857,-0.4829790418885809
