,Utility,Utility_sampled,Best_Utility
0,-4.453565685804597,-1.8767138089107438,-0.23976308838913354
