,Utility,Utility_sampled,Best_Utility
0,-3.1297958526307728,-1.7377023189704346,-0.47594421546983684
