,Utility,Utility_sampled,Best_Utility
0,-1.4517752693262065,-1.0907224215834397,-0.04685447349305642
