,Utility,Utility_sampled,Best_Utility
0,-1.9743228366344412,-1.945338609839172,-0.48098596758477685
