,Utility,Utility_sampled,Best_Utility
0,-3.5124425551471457,-1.4801285539254987,-0.4369261369237133
