,Utility,Utility_sampled,Best_Utility
0,-2.4452366397264296,-1.3422807319931431,-0.11920430087863765
