,Utility,Utility_sampled,Best_Utility
0,-1.6795523866781528,-1.2700356428131787,-0.4829789628595581
