,Utility,Utility_sampled,Best_Utility
0,-4.123832353642931,-1.7099024787739714,-0.34327795181774035
