,Utility,Utility_sampled,Best_Utility
0,-2.27790502124866,-1.8767138089107438,-0.2397622208729758
