,Utility,Utility_sampled,Best_Utility
0,-4.311213374023264,-1.7557999379736824,-0.3013840991022338
