,Utility,Utility_sampled,Best_Utility
0,-2.4299742986275206,-1.333902669089397,-0.1319484588688314
