,Utility,Utility_sampled,Best_Utility
0,-3.1297958526307728,-1.3499605313378773,-0.4759436421844199
