,Utility,Utility_sampled,Best_Utility
0,-4.926283950290155,-0.3918626320809645,-0.04772440656047037
