,Utility,Utility_sampled,Best_Utility
0,-0.6917228848404013,-0.6917228848404013,-0.48098602238362087
