,Utility,Utility_sampled,Best_Utility
0,-3.0305979090776507,-1.6826263636475127,-0.48298238839243207
