,Utility,Utility_sampled,Best_Utility
0,-4.0801012655353714,-1.3291892015663656,-0.34328223595969076
