,Utility,Utility_sampled,Best_Utility
0,-2.166145254230955,-2.0850631588583006,-0.30136345318872165
