,Utility,Utility_sampled,Best_Utility
0,-0.5416744334615164,-0.5416744334615164,-0.13194861696510657
