,Utility,Utility_sampled,Best_Utility
0,-4.890978557707421,-0.3918626320809645,-0.046904053249092525
