,Utility,Utility_sampled,Best_Utility
0,-3.115582621534335,-1.289703172272668,-0.4809860552215052
