,Utility,Utility_sampled,Best_Utility
0,-3.0485435594659203,-0.9927364966293857,-0.4829789532665918
