,Utility,Utility_sampled,Best_Utility
0,-4.05783482094113,-1.3291892015663656,-0.3432732527771674
