,Utility,Utility_sampled,Best_Utility
0,-4.482669018075424,-1.45885964854747,-0.2397794545937881
