,Utility,Utility_sampled,Best_Utility
0,-4.769828779193556,-1.556250773498845,-0.13248784928686783
