,Utility,Utility_sampled,Best_Utility
0,-3.1860729986518734,-1.2060644890366383,-0.4759435260026855
