,Utility,Utility_sampled,Best_Utility
0,-4.926284667112503,-1.0907224215834397,-0.046879559501353425
