,Utility_sampled,Utility,Best_Utility,Utility_sampled_all_front
0,-1.6820267973107719,-4.999999999999999,-0.5347070935877525,-1.6820267973107719
