,Utility_sampled,Utility,Best_Utility
0,-1.4315763202724796,-3.5549011413891263,-0.954971331265944
1,-1.4315763202724796,-5.0,-0.954971331265944
