,Utility,Utility_sampled,Best_Utility
0,-3.5757751904445594,-1.4801285539254987,-0.436703718247545
1,-1.7965404469620776,-1.4801285539254987,-0.436703718247545
2,-0.9023739308644982,-0.9023739308644982,-0.436703718247545
3,-0.6329301136223712,-0.6329301136223712,-0.436703718247545
4,-0.545637651360044,-0.545637651360044,-0.436703718247545
5,-0.5106397952057489,-0.5106397952057489,-0.436703718247545
6,-3.5756001065895475,-0.5106397952057489,-0.436703718247545
