,Utility,Utility_sampled,Best_Utility
0,-1.41292997742206,-1.289703172272668,-0.48098600680156645
