,Utility,Utility_sampled,Best_Utility
0,-1.7965404469620776,-1.0737564888164663,-0.43670375944493717
