,Utility,Utility_sampled,Best_Utility
0,-1.7459509706075076,-0.6753049862610334,-0.48297935470846826
