,Utility,Utility_sampled,Best_Utility
0,-1.072235123741892,-0.9041755778594965,-0.343273131806548
