,Utility,Utility_sampled,Best_Utility
0,-4.449549219128164,-1.2504262244633249,-0.2397626268724367
