,Utility,Utility_sampled,Best_Utility
0,-4.311213374023264,-1.3872843137936874,-0.30136297971642173
