,Utility,Utility_sampled,Best_Utility
0,-4.775826464756926,-1.333902669089397,-0.1319515480232256
