,Utility,Utility_sampled,Best_Utility
0,-4.926283950290155,-1.0907224215834397,-0.04681862769763554
