,Utility,Utility_sampled,Best_Utility
0,-1.9474965396904333,-1.945338609839172,-0.4809860506242515
