,Utility,Utility_sampled,Best_Utility
0,-3.352884918090509,-2.2651175496017895,-0.4367037134967126
