,Utility,Utility_sampled,Best_Utility
0,-4.0481795187279435,-0.9041755778594965,-0.34327413989541006
