,Utility,Utility_sampled,Best_Utility
0,-3.1297958526307728,-2.3209717888438184,-0.47594354766945013
