,Utility,Utility_sampled,Best_Utility
0,-2.787464717883228,-0.6819793090732246,-0.48100110272000646
