,Utility,Utility_sampled,Best_Utility
0,-3.030597910152393,-0.6753049862610334,-0.48297896128626555
