,Utility,Utility_sampled,Best_Utility
0,-2.0754338907462078,-1.7099024787739714,-0.34328192263758767
