,Utility,Utility_sampled,Best_Utility
0,-4.53364545760739,-0.992383374907709,-0.2397628402973391
