,Utility,Utility_sampled,Best_Utility
0,-3.535344574907608,-0.5521513063856549,-0.301363315023255
