,Utility,Utility_sampled,Best_Utility
0,-3.1298040087082857,-1.025230882856207,-0.4759435620828145
