,Utility,Utility_sampled,Best_Utility
0,-2.5196905660270996,-1.0977187390659562,-0.046818115883602116
