,Utility,Utility_sampled,Best_Utility,w0,w1
0,22.995336271830748,23.21870118398493,23.503407628668953,0.29751148897057095,0.7024885110294291
1,23.05270093647289,23.21870118398493,23.503407628668953,0.29751148897057095,0.7024885110294291
2,23.225976348081634,23.21870118398493,23.503407628668953,0.29751148897057095,0.7024885110294291
