,Utility,Utility_sampled,Best_Utility,w0,w1
0,3.4718627594489075,3.4003060854476472,3.508512193612203,0.956143597579845,0.04385640242015506
1,3.4905004148234244,3.4003060854476472,3.508512193612203,0.956143597579845,0.04385640242015506
2,3.492357640227812,3.4003060854476472,3.508512193612203,0.956143597579845,0.04385640242015506
3,3.4927471280788067,3.4003060854476472,3.508512193612203,0.956143597579845,0.04385640242015506
4,3.4937793211777106,3.4003060854476472,3.508512193612203,0.956143597579845,0.04385640242015506
