,Utility,Utility_sampled,Best_Utility,w0,w1
0,14.94645180909035,14.198308046507071,15.076620574138484,0.8115422428232664,0.1884577571767336
1,14.983504562320828,14.9252188997565,15.076620574138484,0.8115422428232664,0.1884577571767336
2,14.99329586263437,14.9252188997565,15.076620574138484,0.8115422428232664,0.1884577571767336
3,14.997466612669546,14.9252188997565,15.076620574138484,0.8115422428232664,0.1884577571767336
4,15.002085314275403,14.9252188997565,15.076620574138484,0.8115422428232664,0.1884577571767336
5,15.00412784831796,14.9252188997565,15.076620574138484,0.8115422428232664,0.1884577571767336
6,15.008838645770576,14.9252188997565,15.076620574138484,0.8115422428232664,0.1884577571767336
7,15.076317846110088,15.071401822182446,15.076620574138484,0.8115422428232664,0.1884577571767336
8,15.07649544864,15.071401822182446,15.076620574138484,0.8115422428232664,0.1884577571767336
