,Utility,Utility_sampled,Best_Utility
0,-2.985524218750404,-0.6819793090732246,-0.4809859640472056
