,Utility,Utility_sampled,Best_Utility
0,-1.003566893577531,-1.003566893577531,-0.43670703264165794
