,Utility,Utility_sampled,Best_Utility
0,-3.0305979090776507,-0.9927364966293857,-0.4829789505248582
