,Utility,Utility_sampled,Best_Utility
0,-2.0754338907462078,-2.0754338907462078,-0.34327313415960364
