,Utility,Utility_sampled,Best_Utility
0,-2.166145254230955,-2.166145254230955,-0.3013638705483044
