,Utility,Utility_sampled,Best_Utility
0,-4.056278396405298,-2.307658530002292,-0.13194833242220474
