,Utility,Utility_sampled,Best_Utility
0,-1.9038324595169023,-1.4563293513681594,-0.47594453546403415
