,Utility,Utility_sampled,Best_Utility
0,-2.5196905660270996,-2.5196905660270996,-0.04681850295334716
