,Utility,Utility_sampled,Best_Utility
0,-4.057711214116332,-2.7676423242549535,-0.34327563756236673
