,Utility,Utility_sampled,Best_Utility
0,-4.453565488462417,-0.9860584130498717,-0.2397725919971894
