,Utility,Utility_sampled,Best_Utility
0,-4.282037664871382,-2.888608166622015,-0.3013776533552643
