,Utility,Utility_sampled,Best_Utility,w0,w1
0,-2.333653816861792,-1.5455755760329777,-0.4055082512619114,0.2544015113621387,0.7455984886378614
1,-1.2596270306318211,-1.5455755760329777,-0.4055082512619114,0.2544015113621387,0.7455984886378614
