,Utility,Utility_sampled,Best_Utility,w0,w1
0,-1.2584919524753035,-0.9424395420067565,-0.8709576099440655,0.2544015113621387,0.7455984886378614
1,-1.1215899370725109,-0.9424395420067565,-0.8709576099440655,0.2544015113621387,0.7455984886378614
2,-1.121522247958376,-0.9424395420067565,-0.8709576099440655,0.2544015113621387,0.7455984886378614
3,-1.089317894569218,-0.9424395420067565,-0.8709576099440655,0.2544015113621387,0.7455984886378614
