,Utility,Utility_sampled,Best_Utility
0,-3.5124425551471457,-1.5098258794257202,-0.43670373534922735
