,Utility,Utility_sampled,Best_Utility
0,-1.036312741903117,-1.036312741903117,-0.48297894543448966
