,Utility,Utility_sampled,Best_Utility
0,-4.53364545760739,-1.846388411491036,-0.23976215749568036
