,Utility,Utility_sampled,Best_Utility
0,-4.235062330189464,-2.057109647609602,-0.30136292890514577
