,Utility,Utility_sampled,Best_Utility
0,-4.836304340308475,-1.0518860875697005,-0.13195884515328402
