,Utility,Utility_sampled,Best_Utility
0,-2.5196905660270996,-2.425374734535587,-0.046838162913651206
