,Utility_sampled,Utility,Best_Utility
0,0.17120279464402552,0.17120279464402552,0.22833822651630375
1,0.17120279464402552,0.15482154532461326,0.22833822651630375
2,0.17120279464402552,0.06034106960212337,0.22833822651630375
3,0.21501514187499315,0.21501514187499315,0.22833822651630375
4,0.1997069291655418,0.1997069291655418,0.22833822651630375
5,0.1997069291655418,0.15959631256728296,0.22833822651630375
6,0.1997069291655418,0.21920202072518172,0.22833822651630375
7,0.1997069291655418,0.19313247045244789,0.22833822651630375
8,0.1997069291655418,0.20284252777942774,0.22833822651630375
