,Utility_sampled,Utility,Best_Utility
0,-1.729293218930213,-1.7965404469620776,-0.4367039817870147
1,-1.729293218930213,-2.7710697178027477,-0.4367039817870147
2,-1.478506222995789,-1.478506222995789,-0.4367039817870147
3,-0.5800861055885678,-0.5800861055885678,-0.4367039817870147
4,-0.5800861055885678,-1.1586887706879418,-0.4367039817870147
