,Utility,Utility_sampled,Best_Utility
0,-3.0109617499743258,-1.399943515119941,-0.4809888683407726
