,Utility,Utility_sampled,Best_Utility
0,-3.5124425551471457,-0.9861874253909991,-0.43670381587067814
