,Utility,Utility_sampled,Best_Utility
0,-4.628027965357354,-1.3422807319931431,-0.11899778646050996
