,Utility,Utility_sampled,Best_Utility
0,-3.0305979090776507,-1.2700356428131787,-0.4829789736609077
