,Utility,Utility_sampled,Best_Utility
0,-4.057713030931332,-0.9563946587357051,-0.3432731266567914
