,Utility,Utility_sampled,Best_Utility
0,-4.361386487944928,-0.9860584130498717,-0.23976312267039399
