,Utility,Utility_sampled,Best_Utility
0,-3.2752613633616874,-0.937679899687672,-0.3013642178830341
