,Utility,Utility_sampled,Best_Utility
0,-4.780016326683226,-1.0518860875697005,-0.131949138781288
