,Utility,Utility_sampled,Best_Utility
0,-4.008936202084254,-0.3918626320809645,-0.04683904620019675
