,Utility_sampled,Utility,Best_Utility
0,-2.3442186597443357,-3.5549011413891263,-0.9550381761529994
1,-2.3442186597443357,-4.092399090865593,-0.9550381761529994
