,Utility_sampled,Utility,Best_Utility
0,-2.3632013989227474,-3.5549011413891263,-0.9564001939681459
1,-2.3632013989227474,-4.092399090865593,-0.9564001939681459
2,-2.2580896449256356,-4.157725993240216,-0.9564001939681459
3,-2.3632013989227474,-3.1082411480209577,-0.9564001939681459
4,-2.3442186597443357,-2.849993535615759,-0.9564001939681459
5,-2.3632013989227474,-2.0295923558096365,-0.9564001939681459
