,Utility_sampled,Utility,Best_Utility
0,117.78317867954027,117.78317867954027,140.4920174107952
1,117.78317867954027,103.84010444433562,140.4920174107952
2,117.78317867954027,41.422512998476456,140.4920174107952
3,117.78317867954027,98.45371305063291,140.4920174107952
