,Utility,Utility_sampled,Best_Utility
0,-1.7965404469620776,-1.4801285539254987,-0.43670371327010066
1,-0.9277055657769201,-0.9277055657769201,-0.43670371327010066
