,Utility,Utility_sampled,Best_Utility
0,-3.0605505810860834,-1.699256466714671,-0.4809859646471481
