,Utility,Utility_sampled,Best_Utility
0,-3.5124425551471457,-1.5098258794257202,-0.4367036991934915
