,Utility,Utility_sampled,Best_Utility
0,-4.048705508672236,-2.3537077313839476,-0.11909846659884984
