,Utility,Utility_sampled,Best_Utility
0,-3.085091367785843,-0.6753049862610334,-0.4829797597526971
