,Utility,Utility_sampled,Best_Utility
0,-4.53364545760739,-2.1926395886457546,-0.23976213411852695
