,Utility,Utility_sampled,Best_Utility
0,-4.311213374023264,-1.1890771593287988,-0.3013666933302913
