,Utility,Utility_sampled,Best_Utility
0,-0.5674486785078957,-0.5674486785078957,-0.13194922045041327
