,Utility,Utility_sampled,Best_Utility
0,-3.1299515922984344,-1.025230882856207,-0.47594354021035673
