,Utility,Utility_sampled,Best_Utility
0,-5.014863913414219,-0.3918626320809645,-0.04682793628817238
