,Utility,Utility_sampled,Best_Utility
0,-0.7911387578890412,-0.7911387578890412,-0.4809859613242801
