,Utility,Utility_sampled,Best_Utility
0,-4.866680516114782,-1.982021441995543,-0.12047764664712496
