,Utility,Utility_sampled,Best_Utility
0,-3.0305979090776507,-1.5335748633059805,-0.4829808790077635
