,Utility,Utility_sampled,Best_Utility
0,-4.017836814296741,-0.9563946587357051,-0.3432763013443134
