,Utility,Utility_sampled,Best_Utility
0,-0.48612576178277156,-0.48612576178277156,-0.2397633433463548
