,Utility,Utility_sampled,Best_Utility
0,-4.235062330189475,-0.9436945429602135,-0.30136297977895304
