,Utility,Utility_sampled,Best_Utility
0,-3.970380153301704,-3.240430709799789,-0.1319483857106202
