,Utility,Utility_sampled,Best_Utility
0,-3.1297958526307728,-1.3188828391365226,-0.47594370085204685
