,Utility_sampled,Utility,Best_Utility
0,-2.7326219929328643,-4.006367010466042,-0.3542312814814118
1,-1.115770334712024,-1.115770334712024,-0.3542312814814118
2,-0.4653313150684432,-0.4653313150684432,-0.3542312814814118
3,-0.4653313150684432,-2.403820206279625,-0.3542312814814118
