,Utility,Utility_sampled,Best_Utility
0,-2.0048140903829323,-1.3953014047355137,-0.5001440913555192
