,Utility,Utility_sampled,Best_Utility
0,-3.0605505810860834,-1.945338609839172,-0.4810237603958652
