,Utility,Utility_sampled,Best_Utility
0,-3.5756001065895475,-1.4562114886718998,-0.43670370758937355
