,Utility,Utility_sampled,Best_Utility
0,-1.9344370371176085,-0.6753049862610334,-0.4829789454871429
