,Utility,Utility_sampled,Best_Utility
0,-4.057711214116332,-1.139282340536935,-0.3432731283535842
