,Utility,Utility_sampled,Best_Utility
0,-3.9680370764792485,-3.240430709799789,-0.13196749875543118
