,Utility,Utility_sampled,Best_Utility
0,-3.1860729986518734,-1.9893520958822226,-0.47594433118980534
