,Utility,Utility_sampled,Best_Utility
0,-4.926283950290155,-2.042371134115811,-0.04729101653260614
