,Utility_sampled,Utility,Best_Utility
0,-1.3953014047355137,-2.0048140903829323,-0.5001440897290542
1,-1.3953014047355137,-3.0305979090776507,-0.5001440897290542
