,Utility,Utility_sampled,Best_Utility
0,-0.7773880014002053,-0.6819793090732246,-0.48099999043287495
