,Utility,Utility_sampled,Best_Utility
0,-3.5756001065895475,-0.7826739285807173,-0.43670396243754295
