,Utility,Utility_sampled,Best_Utility
0,-4.564785595972404,-1.3422807319931431,-0.12217382003816937
