,Utility,Utility_sampled,Best_Utility
0,-3.023494298917675,-1.2770812419748816,-0.4829789608554831
