,Utility,Utility_sampled,Best_Utility
0,-4.057711214116332,-0.6801678158262059,-0.34337558918996247
