,Utility,Utility_sampled,Best_Utility
0,-2.27790502124866,-2.27790502124866,-0.23976466996827592
