,Utility,Utility_sampled,Best_Utility
0,-4.583639508922194,-1.556250773498845,-0.13197324510734554
