,Utility,Utility_sampled,Best_Utility
0,-1.9038324595169023,-1.2060644890366383,-0.4759454170887133
