,Utility,Utility_sampled,Best_Utility
0,-4.3295566486466255,-3.131230841520579,-0.04834239759050224
