,Utility,Utility_sampled,Best_Utility
0,-3.0605505810860834,-1.289703172272668,-0.48098625769846653
