,Utility,Utility_sampled,Best_Utility
0,-1.4506537861666493,-0.9861874253909991,-0.43670472951391826
