,Utility,Utility_sampled,Best_Utility
0,-4.409258461464762,-0.380283546965387,-0.1190127396934266
