,Utility,Utility_sampled,Best_Utility
0,-2.8805113407713967,-1.9263001761384047,-0.482979482506308
