,Utility,Utility_sampled,Best_Utility
0,-2.0754338907462078,-0.9563946587357051,-0.34330089836750666
