,Utility,Utility_sampled,Best_Utility
0,-4.453565488462417,-1.8767138089107438,-0.23976227789547058
