,Utility,Utility_sampled,Best_Utility
0,-4.235062330189464,-1.1890771593287988,-0.3013710632132221
