,Utility,Utility_sampled,Best_Utility
0,-4.75087836115571,-0.3779099455258407,-0.1319483518433848
