,Utility,Utility_sampled,Best_Utility
0,-1.9038324595169023,-1.9038324595169023,-0.4759534888891887
