,Utility,Utility_sampled,Best_Utility
0,-2.034576324600142,-2.034576324600142,-0.04682098733593855
