,Utility,Utility_sampled,Best_Utility
0,-3.060561457308319,-1.0025481283820752,-0.4809859606864046
