,Utility,Utility_sampled,Best_Utility
0,-2.714267661257303,-0.7826739285807173,-0.4367087995205064
