,Utility,Utility_sampled,Best_Utility
0,-4.780717987899225,-0.380283546965387,-0.11963806592266595
