,Utility,Utility_sampled,Best_Utility
0,-2.0048140903829323,-2.0048140903829323,-0.4829789471511322
