,Utility,Utility_sampled,Best_Utility
0,-3.8883908106354803,-0.6801678158262059,-0.34328418597258037
