,Utility,Utility_sampled,Best_Utility
0,-4.53364545760739,-1.8767138089107438,-0.23976420826981912
