,Utility,Utility_sampled,Best_Utility
0,-4.235062330189464,-0.937679899687672,-0.30136301832098994
