,Utility,Utility_sampled,Best_Utility
0,-4.75087836115571,-1.333902669089397,-0.13194837950397975
