,Utility,Utility_sampled,Best_Utility
0,-3.1860729986518734,-1.7377023189704346,-0.4759455313288348
