,Utility,Utility_sampled,Best_Utility
0,-2.9545673309364138,-1.289703172272668,-0.4809859641869642
