,Utility,Utility_sampled,Best_Utility
0,-3.5124425551471457,-1.0737564888164663,-0.43670370529150265
