,Utility,Utility_sampled,Best_Utility
0,-4.554587944664891,-3.2607834183976854,-0.11972356342887251
