,Utility,Utility_sampled,Best_Utility
0,-2.0048140903829323,-1.5335748633059805,-0.48297895843242755
