,Utility,Utility_sampled,Best_Utility
0,-2.0754338907462078,-1.99774725900236,-0.34327313479024785
