,Utility,Utility_sampled,Best_Utility
0,-4.453565488462417,-0.39443021478392315,-0.2397626809266454
