,Utility,Utility_sampled,Best_Utility
0,-3.522939705062646,-0.937679899687672,-0.3013629110516835
