,Utility,Utility_sampled,Best_Utility
0,-4.75087836115571,-1.0518860875697005,-0.13195058556826092
