,Utility,Utility_sampled,Best_Utility
0,-3.1191327841815073,-0.6974091610536082,-0.47594353544487633
