,Utility_sampled,Utility,Best_Utility
0,0.5902179551658383,0.4211027385476767,0.79370339019636
