,Utility,Utility_sampled,Best_Utility,w0,w1
0,1.2948796412485353,1.8770135919436903,2.010657436063824,0.2544015113621387,0.7455984886378614
1,1.2948796412485353,1.8770135919436903,2.010657436063824,0.2544015113621387,0.7455984886378614
2,1.3089190617354658,1.8770135919436903,2.010657436063824,0.2544015113621387,0.7455984886378614
3,2.0106469058601917,1.8770135919436903,2.010657436063824,0.2544015113621387,0.7455984886378614
4,2.009788573029975,1.8770135919436903,2.010657436063824,0.2544015113621387,0.7455984886378614
