,Utility,Utility_sampled,Best_Utility
0,-3.573588529828662,-1.4801285539254987,-0.4367036985467431
