,Utility,Utility_sampled,Best_Utility
0,-5.0,-3.5504029901261642,-0.6122314348434869
1,-1.607331717082028,-1.607331717082028,-0.6122314348434869
2,-0.9670942467515974,-0.9670942467515974,-0.6122314348434869
