,Utility_sampled,Utility,Best_Utility
0,0.6758876138398257,0.6429433408563954,0.7937033901963203
