,Utility,Utility_sampled,Best_Utility
0,-3.0317104540717024,-0.9927364966293857,-0.48297894851027356
