,Utility,Utility_sampled,Best_Utility
0,-3.0605505810919333,-1.0025481283820752,-0.4809859811185885
