,Utility,Utility_sampled,Best_Utility
0,-1.7965404469620776,-0.9861874253909991,-0.4367037420702506
