,Utility,Utility_sampled,Best_Utility
0,-3.085091367785843,-0.9927364966293857,-0.48297901110113817
