,Utility,Utility_sampled,Best_Utility
0,-1.0706172836062182,-0.9041755778594965,-0.3432731838785327
