,Utility,Utility_sampled,Best_Utility
0,-2.27790502124866,-0.992383374907709,-0.2398921072188932
