,Utility,Utility_sampled,Best_Utility
0,-4.311213374023264,-0.9436945429602135,-0.30136312270504306
