,Utility,Utility_sampled,Best_Utility
0,-0.6232603963663004,-0.6232603963663004,-0.13194953870955384
