,Utility,Utility_sampled,Best_Utility
0,-3.1860729986518734,-1.3499605313378773,-0.47594365841043923
