,Utility,Utility_sampled,Best_Utility
0,-4.103499268825205,-3.3600695669738783,-0.0468410417719449
