,Utility,Utility_sampled,Best_Utility
0,-3.0605505810860834,-1.5102506954823003,-0.4809859787963136
