,Utility,Utility_sampled,Best_Utility
0,-4.866680516114782,-1.065282426766644,-0.11901028820089538
