,Utility,Utility_sampled,Best_Utility
0,-3.0306188403003125,-1.2770812419748816,-0.4829789456939411
