,Utility,Utility_sampled,Best_Utility
0,-4.057711214116332,-1.6822725482157994,-0.3432731530428817
