,Utility,Utility_sampled,Best_Utility
0,-2.27790502124866,-0.39443021478392315,-0.2438114492283492
