,Utility,Utility_sampled,Best_Utility
0,-2.3765594172257214,-0.937679899687672,-0.3013723879010874
