,Utility,Utility_sampled,Best_Utility
0,-4.75087836115571,-1.9696503336857694,-0.13195034961033394
