,Utility,Utility_sampled,Best_Utility
0,-3.1297972532114584,-0.6974091610536082,-0.4759440946482797
