,Utility,Utility_sampled,Best_Utility
0,-3.0605505810860834,-1.399943515119941,-0.48098596044281167
