,Utility,Utility_sampled,Best_Utility
0,-3.4367403618514287,-1.1505749101074174,-0.4367050576114572
