,Utility,Utility_sampled,Best_Utility
0,-3.8980633346692755,-1.065282426766644,-0.11939912991753265
