,Utility,Utility_sampled,Best_Utility
0,-4.130673291280672,-1.6822725482157994,-0.3432832025815314
