,Utility,Utility_sampled,Best_Utility
0,-1.7414162122204209,-0.9860584130498717,-0.2397631164027708
