,Utility,Utility_sampled,Best_Utility
0,-4.235062330189464,-1.7557999379736824,-0.3013629742485653
