,Utility,Utility_sampled,Best_Utility
0,-1.9038324595169023,-1.3188828391365226,-0.47594369826617766
