,Utility,Utility_sampled,Best_Utility
0,-4.9262839874863795,-1.0977187390659562,-0.047065716116346905
